Date,Close
2/01/2014,556.55
3/01/2014,552.5
6/01/2014,558.66
7/01/2014,569.42
8/01/2014,570.61
9/01/2014,565.12
10/01/2014,565.09
13/01/2014,561.49
14/01/2014,574.7
15/01/2014,574.3
16/01/2014,578.11
17/01/2014,575.26
21/01/2014,581.85
22/01/2014,582.51
23/01/2014,580.04
24/01/2014,561.91
27/01/2014,550.61
28/01/2014,561.5
29/01/2014,553.46
30/01/2014,567.69
31/01/2014,590.48
3/02/2014,566.71
4/02/2014,569.08
5/02/2014,571.6
6/02/2014,579.98
7/02/2014,588.72
10/02/2014,586.46
11/02/2014,595.09
12/02/2014,593.34
13/02/2014,599.95
14/02/2014,601.4
18/02/2014,605.44
19/02/2014,601.16
20/02/2014,602.05
21/02/2014,601.89
24/02/2014,606.25
25/02/2014,610
26/02/2014,610.08
27/02/2014,609.6
28/02/2014,607.82
3/03/2014,601.34
4/03/2014,607.45
5/03/2014,609.13
6/03/2014,609.8
7/03/2014,607.39
10/03/2014,605.78
11/03/2014,599.99
12/03/2014,603.65
13/03/2014,594.53
14/03/2014,586.4
17/03/2014,596.04
18/03/2014,605.63
19/03/2014,599.62
20/03/2014,598.58
21/03/2014,591.52
24/03/2014,578.96
25/03/2014,579.36
26/03/2014,565.98
27/03/2014,556.93
28/03/2014,558.46
31/03/2014,555.45
1/04/2014,565.61
2/04/2014,565.45
3/04/2014,568.18
4/04/2014,541.65
7/04/2014,536.68
8/04/2014,553.38
9/04/2014,562.6
10/04/2014,539.47
11/04/2014,529.15
14/04/2014,531.06
15/04/2014,534.97
16/04/2014,555.02
17/04/2014,534.63
21/04/2014,527.17
22/04/2014,533.35
23/04/2014,525.5
24/04/2014,523.72
25/04/2014,514.77
28/04/2014,515.73
29/04/2014,526.25
30/04/2014,525.22
1/05/2014,529.89
2/05/2014,526.48
5/05/2014,526.36
6/05/2014,513.73
7/05/2014,508.56
8/05/2014,509.6
9/05/2014,517.31
12/05/2014,528.47
13/05/2014,531.63
14/05/2014,525.21
15/05/2014,518.56
16/05/2014,519.2
19/05/2014,527.41
20/05/2014,528.32
21/05/2014,537.46
22/05/2014,543.57
23/05/2014,551.19
27/05/2014,564.4
28/05/2014,560.14
29/05/2014,558.55
30/05/2014,558.36
2/06/2014,552.41
3/06/2014,543.45
4/06/2014,543.17
5/06/2014,552.38
6/06/2014,554.81
9/06/2014,560.58
10/06/2014,559.02
11/06/2014,557.31
12/06/2014,549.84
13/06/2014,550.25
16/06/2014,542.79
17/06/2014,541.52
18/06/2014,551.86
19/06/2014,553.38
20/06/2014,554.84
23/06/2014,563.4
24/06/2014,563.07
25/06/2014,577.07
26/06/2014,574.42
27/06/2014,575.66
30/06/2014,573.71
1/07/2014,581.07
2/07/2014,580.74
3/07/2014,583.13
7/07/2014,580.66
8/07/2014,569.53
9/07/2014,574.5
10/07/2014,569.54
11/07/2014,577.59
14/07/2014,583.27
15/07/2014,583.18
16/07/2014,581.06
17/07/2014,572.16
18/07/2014,593.45
21/07/2014,587.86
22/07/2014,593.11
23/07/2014,594.35
24/07/2014,591.73
25/07/2014,587.41
28/07/2014,588.98
29/07/2014,584.01
30/07/2014,585.81
31/07/2014,570.04
1/08/2014,564.52
4/08/2014,571.58
5/08/2014,563.52
6/08/2014,564.82
7/08/2014,561.82
8/08/2014,567.21
11/08/2014,566.33
12/08/2014,561.19
13/08/2014,573.21
14/08/2014,573.08
15/08/2014,571.91
18/08/2014,580.57
19/08/2014,585.25
20/08/2014,582.89
21/08/2014,581.77
22/08/2014,580.97
25/08/2014,578.61
26/08/2014,576.28
27/08/2014,569.44
28/08/2014,567.64
29/08/2014,570.03
2/09/2014,575.75
3/09/2014,576.36
4/09/2014,580.39
5/09/2014,584.47
8/09/2014,588.1
9/09/2014,579.42
10/09/2014,581.5
11/09/2014,579.76
12/09/2014,574.04
15/09/2014,571.53
16/09/2014,578.36
17/09/2014,583.17
18/09/2014,587.66
19/09/2014,594.45
22/09/2014,585.76
23/09/2014,579.54
24/09/2014,586.38
25/09/2014,573.49
26/09/2014,575.52
29/09/2014,574.78
30/09/2014,575.78
1/10/2014,566.71
2/10/2014,568.52
3/10/2014,573.71
6/10/2014,575.77
7/10/2014,562.2
8/10/2014,570.93
9/10/2014,559.34
10/10/2014,543
13/10/2014,531.75
14/10/2014,536.47
15/10/2014,528.58
16/10/2014,523.07
17/10/2014,509.77
20/10/2014,519.41
21/10/2014,525.1
22/10/2014,531.25
23/10/2014,542.49
24/10/2014,538.3
27/10/2014,539.29
28/10/2014,547.4
29/10/2014,547.83
30/10/2014,548.8
31/10/2014,557.55
3/11/2014,553.7
4/11/2014,552.59
5/11/2014,544.43
6/11/2014,540.56
7/11/2014,539.53
10/11/2014,545.99
11/11/2014,548.78
12/11/2014,545.81
13/11/2014,543.89
14/11/2014,542.91
17/11/2014,535.04
18/11/2014,533.56
19/11/2014,535.52
20/11/2014,533.37
21/11/2014,536.03
24/11/2014,537.79
25/11/2014,539.6
26/11/2014,538.89
28/11/2014,540.35
1/12/2014,532.34
2/12/2014,532.29
3/12/2014,529.86
4/12/2014,535.84
5/12/2014,523.82
8/12/2014,525.54
9/12/2014,531.91
10/12/2014,524.62
11/12/2014,526.89
12/12/2014,517.24
15/12/2014,512.39
16/12/2014,494.03
17/12/2014,503.51
18/12/2014,509.7
19/12/2014,514.94
22/12/2014,523.43
23/12/2014,529.14
24/12/2014,527.32
26/12/2014,532.57
29/12/2014,528.88
30/12/2014,528.97
31/12/2014,524.96
2/01/2015,523.37
5/01/2015,512.46
6/01/2015,500.59
7/01/2015,499.73
8/01/2015,501.3
9/01/2015,494.81
12/01/2015,491.2
13/01/2015,494.82
14/01/2015,499.5
15/01/2015,500.42
16/01/2015,506.69
20/01/2015,505.51
21/01/2015,516.62
22/01/2015,532.93
23/01/2015,538.47
26/01/2015,533.74
27/01/2015,517.21
28/01/2015,508.6
29/01/2015,509.26
30/01/2015,533.06
2/02/2015,527.03
3/02/2015,527.79
4/02/2015,521.33
5/02/2015,526.14
6/02/2015,529.55
9/02/2015,526.39
10/02/2015,535.47
11/02/2015,534.5
12/02/2015,541.44
13/02/2015,547.51
17/02/2015,541.35
18/02/2015,538.22
19/02/2015,541.38
20/02/2015,537.47
23/02/2015,530.45
24/02/2015,534.62
25/02/2015,542.38
26/02/2015,553.96
27/02/2015,556.87
2/03/2015,569.78
3/03/2015,572.07
4/03/2015,571.8
5/03/2015,573.75
6/03/2015,566.13
9/03/2015,567.29
10/03/2015,553.49
11/03/2015,549.67
12/03/2015,553.99
13/03/2015,545.82
16/03/2015,552.99
17/03/2015,549.33
18/03/2015,557.97
19/03/2015,556.46
20/03/2015,558.83
23/03/2015,557.28
24/03/2015,568.63
25/03/2015,557.25
26/03/2015,553.65
27/03/2015,546.84
30/03/2015,550.52
31/03/2015,546.5
1/04/2015,541.07
2/04/2015,534.06
6/04/2015,535.29
7/04/2015,535.55
8/04/2015,540.13
9/04/2015,539.3
10/04/2015,538.53
13/04/2015,537.69
14/04/2015,528.94
15/04/2015,531.07
16/04/2015,532.34
17/04/2015,522.62
20/04/2015,533.91
21/04/2015,532.51
22/04/2015,537.89
23/04/2015,545.5
24/04/2015,563.51
27/04/2015,555.37
28/04/2015,553.68
29/04/2015,549.08
30/04/2015,537.34
1/05/2015,537.9
4/05/2015,540.78
5/05/2015,530.8
6/05/2015,524.22
7/05/2015,530.7
8/05/2015,538.22
11/05/2015,535.7
12/05/2015,529.04
13/05/2015,529.62
14/05/2015,538.4
15/05/2015,533.85
18/05/2015,532.3
19/05/2015,537.36
20/05/2015,539.27
21/05/2015,542.51
22/05/2015,540.11
26/05/2015,532.32
27/05/2015,539.79
28/05/2015,539.78
29/05/2015,532.11
1/06/2015,533.99
2/06/2015,539.18
3/06/2015,540.31
4/06/2015,536.7
5/06/2015,533.33
8/06/2015,526.83
9/06/2015,526.69
10/06/2015,536.69
11/06/2015,534.61
12/06/2015,532.33
15/06/2015,527.2
16/06/2015,528.15
17/06/2015,529.26
18/06/2015,536.73
19/06/2015,536.69
22/06/2015,538.19
23/06/2015,540.48
24/06/2015,537.84
25/06/2015,535.23
26/06/2015,531.69
29/06/2015,521.52
30/06/2015,520.51
1/07/2015,521.84
2/07/2015,523.4
6/07/2015,522.86
7/07/2015,525.02
8/07/2015,516.83
9/07/2015,520.68
10/07/2015,530.13
13/07/2015,546.55
14/07/2015,561.1
15/07/2015,560.22
16/07/2015,579.85
17/07/2015,672.93
20/07/2015,663.02
21/07/2015,662.3
22/07/2015,662.1
23/07/2015,644.28
24/07/2015,623.56
27/07/2015,627.26
28/07/2015,628
29/07/2015,631.93
30/07/2015,632.59
31/07/2015,625.61
3/08/2015,631.21
4/08/2015,629.25
5/08/2015,643.78
6/08/2015,642.68
7/08/2015,635.3
10/08/2015,633.73
11/08/2015,660.78
12/08/2015,659.56
13/08/2015,656.45
14/08/2015,657.12
17/08/2015,660.87
18/08/2015,656.13
19/08/2015,660.9
20/08/2015,646.83
21/08/2015,612.48
24/08/2015,589.61
25/08/2015,582.06
26/08/2015,628.62
27/08/2015,637.61
28/08/2015,630.38
31/08/2015,618.25
1/09/2015,597.79
2/09/2015,614.34
3/09/2015,606.25
4/09/2015,600.7
8/09/2015,614.66
9/09/2015,612.72
10/09/2015,621.35
11/09/2015,625.77
14/09/2015,623.24
15/09/2015,635.14
16/09/2015,635.98
17/09/2015,642.9
18/09/2015,629.25
21/09/2015,635.44
22/09/2015,622.69
23/09/2015,622.36
24/09/2015,625.8
25/09/2015,611.97
28/09/2015,594.89
29/09/2015,594.97
30/09/2015,608.42
1/10/2015,611.29
2/10/2015,626.91
5/10/2015,641.47
6/10/2015,645.44
7/10/2015,642.36
8/10/2015,639.16
9/10/2015,643.61
12/10/2015,646.67
13/10/2015,652.3
14/10/2015,651.16
15/10/2015,661.74
16/10/2015,662.2
19/10/2015,666.1
20/10/2015,650.28
21/10/2015,642.61
22/10/2015,651.79
23/10/2015,702
26/10/2015,712.78
27/10/2015,708.49
28/10/2015,712.95
29/10/2015,716.92
30/10/2015,710.81
2/11/2015,721.11
3/11/2015,722.16
4/11/2015,728.11
5/11/2015,731.25
6/11/2015,733.76
9/11/2015,724.89
10/11/2015,728.32
11/11/2015,735.4
12/11/2015,731.23
13/11/2015,717
16/11/2015,728.96
17/11/2015,725.3
18/11/2015,740
19/11/2015,738.41
20/11/2015,756.6
23/11/2015,755.98
24/11/2015,748.28
25/11/2015,748.15
27/11/2015,750.26
30/11/2015,742.6
1/12/2015,767.04
2/12/2015,762.38
3/12/2015,752.54
4/12/2015,766.81
7/12/2015,763.25
8/12/2015,762.37
9/12/2015,751.61
10/12/2015,749.46
11/12/2015,738.87
14/12/2015,747.77
15/12/2015,743.4
16/12/2015,758.09
17/12/2015,749.43
18/12/2015,739.31
21/12/2015,747.77
22/12/2015,750
23/12/2015,750.31
24/12/2015,748.4
28/12/2015,762.51
29/12/2015,776.6
30/12/2015,771
31/12/2015,758.88
4/01/2016,741.84
5/01/2016,742.58
6/01/2016,743.62
7/01/2016,726.39
8/01/2016,714.47
11/01/2016,716.03
12/01/2016,726.07
13/01/2016,700.56
14/01/2016,714.72
15/01/2016,694.45
19/01/2016,701.79
20/01/2016,698.45
21/01/2016,706.59
22/01/2016,725.25
25/01/2016,711.67
26/01/2016,713.04
27/01/2016,699.99
28/01/2016,730.96
29/01/2016,742.95
1/02/2016,752
2/02/2016,764.65
3/02/2016,726.95
4/02/2016,708.01
5/02/2016,683.57
8/02/2016,682.74
9/02/2016,678.11
10/02/2016,684.12
11/02/2016,683.11
12/02/2016,682.4
16/02/2016,691
17/02/2016,708.4
18/02/2016,697.35
19/02/2016,700.91
22/02/2016,706.46
23/02/2016,695.85
24/02/2016,699.56
25/02/2016,705.75
26/02/2016,705.07
29/02/2016,697.77
1/03/2016,718.81
2/03/2016,718.85
3/03/2016,712.42
4/03/2016,710.89
7/03/2016,695.16
8/03/2016,693.97
9/03/2016,705.24
10/03/2016,712.82
11/03/2016,726.82
14/03/2016,730.49
15/03/2016,728.33
16/03/2016,736.09
17/03/2016,737.78
18/03/2016,737.6
21/03/2016,742.09
22/03/2016,740.75
23/03/2016,738.06
24/03/2016,735.3
28/03/2016,733.53
29/03/2016,744.77
30/03/2016,750.53
31/03/2016,744.95
1/04/2016,749.91
4/04/2016,745.29
5/04/2016,737.8
6/04/2016,745.69
7/04/2016,740.28
8/04/2016,739.15
11/04/2016,736.1
12/04/2016,743.09
13/04/2016,751.72
14/04/2016,753.2
15/04/2016,759
18/04/2016,766.61
19/04/2016,753.93
20/04/2016,752.67
21/04/2016,759.14
22/04/2016,718.77
25/04/2016,723.15
26/04/2016,708.14
27/04/2016,705.84
28/04/2016,691.02
29/04/2016,693.01
2/05/2016,698.21
3/05/2016,692.36
4/05/2016,695.7
5/05/2016,701.43
6/05/2016,711.12
9/05/2016,712.9
10/05/2016,723.18
11/05/2016,715.29
12/05/2016,713.31
13/05/2016,710.83
16/05/2016,716.49
17/05/2016,706.23
18/05/2016,706.63
19/05/2016,700.32
20/05/2016,709.74
23/05/2016,704.24
24/05/2016,720.09
25/05/2016,725.27
26/05/2016,724.12
27/05/2016,732.66
31/05/2016,735.72
1/06/2016,734.15
2/06/2016,730.4
3/06/2016,722.34
6/06/2016,716.55
7/06/2016,716.65
8/06/2016,728.28
9/06/2016,728.58
10/06/2016,719.41
13/06/2016,718.36
14/06/2016,718.27
15/06/2016,718.92
16/06/2016,710.36
17/06/2016,691.72
20/06/2016,693.71
21/06/2016,695.94
22/06/2016,697.46
23/06/2016,701.87
24/06/2016,675.22
27/06/2016,668.26
28/06/2016,680.04
29/06/2016,684.11
30/06/2016,692.1
1/07/2016,699.21
5/07/2016,694.49
6/07/2016,697.77
7/07/2016,695.36
8/07/2016,705.63
11/07/2016,715.09
12/07/2016,720.64
13/07/2016,716.98
14/07/2016,720.95
15/07/2016,719.85
18/07/2016,733.78
19/07/2016,736.96
20/07/2016,741.19
21/07/2016,738.63
22/07/2016,742.74
25/07/2016,739.77
26/07/2016,738.42
27/07/2016,741.77
28/07/2016,745.91
29/07/2016,768.79
1/08/2016,772.88
2/08/2016,771.07
3/08/2016,773.18
4/08/2016,771.61
5/08/2016,782.22
8/08/2016,781.76
9/08/2016,784.26
10/08/2016,784.68
11/08/2016,784.85
12/08/2016,783.22
15/08/2016,782.44
16/08/2016,777.14
17/08/2016,779.91
18/08/2016,777.5
19/08/2016,775.42
22/08/2016,772.15
23/08/2016,772.08
24/08/2016,769.64
25/08/2016,769.41
26/08/2016,769.54
29/08/2016,772.15
30/08/2016,769.09
31/08/2016,767.05
1/09/2016,768.78
2/09/2016,771.46
6/09/2016,780.08
7/09/2016,780.35
8/09/2016,775.32
9/09/2016,759.66
12/09/2016,769.02
13/09/2016,759.69
14/09/2016,762.49
15/09/2016,771.76
16/09/2016,768.88
19/09/2016,765.7
20/09/2016,771.41
21/09/2016,776.22
22/09/2016,787.21
23/09/2016,786.9
26/09/2016,774.21
27/09/2016,783.01
28/09/2016,781.56
29/09/2016,775.01
30/09/2016,777.29
3/10/2016,772.56
4/10/2016,776.43
5/10/2016,776.47
6/10/2016,776.86
7/10/2016,775.08
10/10/2016,785.94
11/10/2016,783.07
12/10/2016,786.14
13/10/2016,778.19
14/10/2016,778.53
17/10/2016,779.96
18/10/2016,795.26
19/10/2016,801.56
20/10/2016,796.97
21/10/2016,799.37
24/10/2016,813.11
25/10/2016,807.67
26/10/2016,799.07
27/10/2016,795.35
28/10/2016,795.37
31/10/2016,784.54
1/11/2016,783.61
2/11/2016,768.7
3/11/2016,762.13
4/11/2016,762.02
7/11/2016,782.52
8/11/2016,790.51
9/11/2016,785.31
10/11/2016,762.56
11/11/2016,754.02
14/11/2016,736.08
15/11/2016,758.49
16/11/2016,764.48
17/11/2016,771.23
18/11/2016,760.54
21/11/2016,769.2
22/11/2016,768.27
23/11/2016,760.99
25/11/2016,761.68
28/11/2016,768.24
29/11/2016,770.84
30/11/2016,758.04
1/12/2016,747.92
2/12/2016,750.5
5/12/2016,762.52
6/12/2016,759.11
7/12/2016,771.19
8/12/2016,776.42
9/12/2016,789.29
12/12/2016,789.27
13/12/2016,796.1
14/12/2016,797.07
15/12/2016,797.85
16/12/2016,790.8
19/12/2016,794.2
20/12/2016,796.42
21/12/2016,794.56
22/12/2016,791.26
23/12/2016,789.91
27/12/2016,791.55
28/12/2016,785.05
29/12/2016,782.79
30/12/2016,771.82
3/01/2017,786.14
4/01/2017,786.9
5/01/2017,794.02
6/01/2017,806.15
9/01/2017,806.65
10/01/2017,804.79
11/01/2017,807.91
12/01/2017,806.36
13/01/2017,807.88
17/01/2017,804.61
18/01/2017,806.07
19/01/2017,802.18
20/01/2017,805.02
23/01/2017,819.31
24/01/2017,823.87
25/01/2017,835.67
26/01/2017,832.15
27/01/2017,823.31
30/01/2017,802.32
31/01/2017,796.79
1/02/2017,795.7
2/02/2017,798.53
3/02/2017,801.49
6/02/2017,801.34
7/02/2017,806.97
8/02/2017,808.38
9/02/2017,809.56
10/02/2017,813.67
13/02/2017,819.24
14/02/2017,820.45
15/02/2017,818.98
16/02/2017,824.16
17/02/2017,828.07
21/02/2017,831.66
22/02/2017,830.76
23/02/2017,831.33
24/02/2017,828.64
27/02/2017,829.28
28/02/2017,823.21
1/03/2017,835.24
2/03/2017,830.63
3/03/2017,829.08
6/03/2017,827.78
7/03/2017,831.91
8/03/2017,835.37
9/03/2017,838.68
10/03/2017,843.25
13/03/2017,845.54
14/03/2017,845.62
15/03/2017,847.2
16/03/2017,848.78
17/03/2017,852.12
20/03/2017,848.4
21/03/2017,830.46
22/03/2017,829.59
23/03/2017,817.58
24/03/2017,814.43
27/03/2017,819.51
28/03/2017,820.92
29/03/2017,831.41
30/03/2017,831.5
31/03/2017,829.56
3/04/2017,838.55
4/04/2017,834.57
5/04/2017,831.41
6/04/2017,827.88
7/04/2017,824.67
10/04/2017,824.73
11/04/2017,823.35
12/04/2017,824.32
13/04/2017,823.56
17/04/2017,837.17
18/04/2017,836.82
19/04/2017,838.21
20/04/2017,841.65
21/04/2017,843.19
24/04/2017,862.76
25/04/2017,872.3
26/04/2017,871.73
27/04/2017,874.25
28/04/2017,905.96
1/05/2017,912.57
2/05/2017,916.44
3/05/2017,927.04
4/05/2017,931.66
5/05/2017,927.13
8/05/2017,934.3
9/05/2017,932.17
10/05/2017,928.78
11/05/2017,930.6
12/05/2017,932.22
15/05/2017,937.08
16/05/2017,943
17/05/2017,919.62
18/05/2017,930.24
19/05/2017,934.01
22/05/2017,941.86
23/05/2017,948.82
24/05/2017,954.96
25/05/2017,969.54
26/05/2017,971.47
30/05/2017,975.88
31/05/2017,964.86
1/06/2017,966.95
2/06/2017,975.6
5/06/2017,983.68
6/06/2017,976.57
7/06/2017,981.08
8/06/2017,983.41
9/06/2017,949.83
12/06/2017,942.9
13/06/2017,953.4
14/06/2017,950.76
15/06/2017,942.31
16/06/2017,939.78
19/06/2017,957.37
20/06/2017,950.63
21/06/2017,959.45
22/06/2017,957.09
23/06/2017,965.59
26/06/2017,952.27
27/06/2017,927.33
28/06/2017,940.49
29/06/2017,917.79
30/06/2017,908.73
3/07/2017,898.7
5/07/2017,911.71
6/07/2017,906.69
7/07/2017,918.59
10/07/2017,928.8
11/07/2017,930.09
12/07/2017,943.83
13/07/2017,947.16
14/07/2017,955.99
17/07/2017,953.42
18/07/2017,965.4
19/07/2017,970.89
20/07/2017,968.15
21/07/2017,972.92
24/07/2017,980.34
25/07/2017,950.7
26/07/2017,947.8
27/07/2017,934.09
28/07/2017,941.53
31/07/2017,930.5
1/08/2017,930.83
2/08/2017,930.39
3/08/2017,923.65
4/08/2017,927.96
7/08/2017,929.36
8/08/2017,926.79
9/08/2017,922.9
10/08/2017,907.24
11/08/2017,914.39
14/08/2017,922.67
15/08/2017,922.22
16/08/2017,926.96
17/08/2017,910.98
18/08/2017,910.67
21/08/2017,906.66
22/08/2017,924.69
23/08/2017,927
24/08/2017,921.28
25/08/2017,915.89
28/08/2017,913.81
29/08/2017,921.29
30/08/2017,929.57
31/08/2017,939.33
1/09/2017,937.34
5/09/2017,928.45
6/09/2017,927.81
7/09/2017,935.95
8/09/2017,926.5
11/09/2017,929.08
12/09/2017,932.07
13/09/2017,935.09
14/09/2017,925.11
15/09/2017,920.29
18/09/2017,915
19/09/2017,921.81
20/09/2017,931.58
21/09/2017,932.45
22/09/2017,928.53
25/09/2017,920.97
26/09/2017,924.86
27/09/2017,944.49
28/09/2017,949.5
29/09/2017,959.11
2/10/2017,953.27
3/10/2017,957.79
4/10/2017,951.68
5/10/2017,969.96
6/10/2017,978.89
9/10/2017,977
10/10/2017,972.6
11/10/2017,989.25
12/10/2017,987.83
13/10/2017,989.68
16/10/2017,992
17/10/2017,992.18
18/10/2017,992.81
19/10/2017,984.45
20/10/2017,988.2
23/10/2017,968.45
24/10/2017,970.54
25/10/2017,973.33
26/10/2017,972.56
27/10/2017,1019.27
30/10/2017,1017.11
31/10/2017,1016.64
1/11/2017,1025.5
2/11/2017,1025.58
3/11/2017,1032.48
6/11/2017,1025.9
7/11/2017,1033.33
8/11/2017,1039.85
9/11/2017,1031.26
10/11/2017,1028.07
13/11/2017,1025.75
14/11/2017,1026
15/11/2017,1020.91
16/11/2017,1032.5
17/11/2017,1019.09
20/11/2017,1018.38
21/11/2017,1034.49
22/11/2017,1035.96
24/11/2017,1040.61
27/11/2017,1054.21
28/11/2017,1047.41
29/11/2017,1021.66
30/11/2017,1021.41
1/12/2017,1010.17
4/12/2017,998.68
5/12/2017,1005.15
6/12/2017,1018.38
7/12/2017,1030.93
8/12/2017,1037.05
11/12/2017,1041.1
12/12/2017,1040.48
13/12/2017,1040.61
14/12/2017,1049.15
15/12/2017,1064.19
18/12/2017,1077.14
19/12/2017,1070.68
20/12/2017,1064.95
21/12/2017,1063.63
22/12/2017,1060.12
26/12/2017,1056.74
27/12/2017,1049.37
28/12/2017,1048.14
29/12/2017,1046.4
2/01/2018,1065
3/01/2018,1082.48
4/01/2018,1086.4
5/01/2018,1102.23
8/01/2018,1106.94
9/01/2018,1106.26
10/01/2018,1102.61
11/01/2018,1105.52
12/01/2018,1122.26
16/01/2018,1121.76
17/01/2018,1131.98
18/01/2018,1129.79
19/01/2018,1137.51
22/01/2018,1155.81
23/01/2018,1169.97
24/01/2018,1164.24
25/01/2018,1170.37
26/01/2018,1175.84
29/01/2018,1175.58
30/01/2018,1163.69
31/01/2018,1169.94
1/02/2018,1167.7
2/02/2018,1111.9
5/02/2018,1055.8
6/02/2018,1080.6
7/02/2018,1048.58
8/02/2018,1001.52
9/02/2018,1037.78
12/02/2018,1051.94
13/02/2018,1052.1
14/02/2018,1069.7
15/02/2018,1089.52
16/02/2018,1094.8
20/02/2018,1102.46
21/02/2018,1111.34
22/02/2018,1106.63
23/02/2018,1126.79
26/02/2018,1143.75
27/02/2018,1118.29
28/02/2018,1104.73
1/03/2018,1069.52
2/03/2018,1078.92
5/03/2018,1090.93
6/03/2018,1095.06
7/03/2018,1109.64
8/03/2018,1126
9/03/2018,1160.04
12/03/2018,1164.5
13/03/2018,1138.17
14/03/2018,1149.49
15/03/2018,1149.58
16/03/2018,1135.73
19/03/2018,1099.82
20/03/2018,1097.71
21/03/2018,1090.88
22/03/2018,1049.08
23/03/2018,1021.57
26/03/2018,1053.21
27/03/2018,1005.1
28/03/2018,1004.56
29/03/2018,1031.79
2/04/2018,1006.47
3/04/2018,1013.41
4/04/2018,1025.14
5/04/2018,1027.81
6/04/2018,1007.04
9/04/2018,1015.45
10/04/2018,1031.64
11/04/2018,1019.97
12/04/2018,1032.51
13/04/2018,1029.27
16/04/2018,1037.98
17/04/2018,1074.16
18/04/2018,1072.08
19/04/2018,1087.7
20/04/2018,1072.96
23/04/2018,1067.45
24/04/2018,1019.98
25/04/2018,1021.18
26/04/2018,1040.04
27/04/2018,1030.05
30/04/2018,1017.33
1/05/2018,1037.31
2/05/2018,1024.38
3/05/2018,1023.72
4/05/2018,1048.21
7/05/2018,1054.79
8/05/2018,1053.91
9/05/2018,1082.76
10/05/2018,1097.57
11/05/2018,1098.26
14/05/2018,1100.2
15/05/2018,1079.23
16/05/2018,1081.77
17/05/2018,1078.59
18/05/2018,1066.36
21/05/2018,1079.58
22/05/2018,1069.73
23/05/2018,1079.69
24/05/2018,1079.24
25/05/2018,1075.66
29/05/2018,1060.32
30/05/2018,1067.8
31/05/2018,1067.8
1/06/2018,1119.5
4/06/2018,1139.29
5/06/2018,1139.66
6/06/2018,1136.88
7/06/2018,1123.86
8/06/2018,1120.87
11/06/2018,1129.99
12/06/2018,1139.32
13/06/2018,1134.79
14/06/2018,1152.12
15/06/2018,1152.26
18/06/2018,1173.46
19/06/2018,1168.06
20/06/2018,1169.84
21/06/2018,1157.66
22/06/2018,1155.48
25/06/2018,1124.81
26/06/2018,1118.46
27/06/2018,1103.98
28/06/2018,1114.22
29/06/2018,1115.65
2/07/2018,1127.46
3/07/2018,1102.89
5/07/2018,1124.27
6/07/2018,1140.17
9/07/2018,1154.05
10/07/2018,1152.84
11/07/2018,1153.9
12/07/2018,1183.48
13/07/2018,1188.82
16/07/2018,1183.86
17/07/2018,1198.8
18/07/2018,1195.88
19/07/2018,1186.96
20/07/2018,1184.91
23/07/2018,1205.5
24/07/2018,1248.08
25/07/2018,1263.7
26/07/2018,1268.33
27/07/2018,1238.5
30/07/2018,1219.74
31/07/2018,1217.26
1/08/2018,1220.01
2/08/2018,1226.15
3/08/2018,1223.71
6/08/2018,1224.77
7/08/2018,1242.22
8/08/2018,1245.61
9/08/2018,1249.1
10/08/2018,1237.61
13/08/2018,1235.01
14/08/2018,1242.1
15/08/2018,1214.38
16/08/2018,1206.49
17/08/2018,1200.96
20/08/2018,1207.77
21/08/2018,1201.62
22/08/2018,1207.33
23/08/2018,1205.38
24/08/2018,1220.65
27/08/2018,1241.82
28/08/2018,1231.15
29/08/2018,1249.3
30/08/2018,1239.12
31/08/2018,1218.19
4/09/2018,1197
5/09/2018,1186.48
6/09/2018,1171.44
7/09/2018,1164.83
10/09/2018,1164.64
11/09/2018,1177.36
12/09/2018,1162.82
13/09/2018,1175.33
14/09/2018,1172.53
17/09/2018,1156.05
18/09/2018,1161.22
19/09/2018,1171.09
20/09/2018,1186.87
21/09/2018,1166.09
24/09/2018,1173.37
25/09/2018,1184.65
26/09/2018,1180.49
27/09/2018,1194.64
28/09/2018,1193.47
1/10/2018,1195.31
2/10/2018,1200.11
3/10/2018,1202.95
4/10/2018,1168.19
5/10/2018,1157.35
8/10/2018,1148.97
9/10/2018,1138.82
10/10/2018,1081.22
11/10/2018,1079.32
12/10/2018,1110.08
15/10/2018,1092.25
16/10/2018,1121.28
17/10/2018,1115.69
18/10/2018,1087.97
19/10/2018,1096.46
22/10/2018,1101.16
23/10/2018,1103.69
24/10/2018,1050.71
25/10/2018,1095.57
26/10/2018,1071.47
29/10/2018,1020.08
30/10/2018,1036.21
31/10/2018,1076.77
1/11/2018,1070
2/11/2018,1057.79
5/11/2018,1040.09
6/11/2018,1055.81
7/11/2018,1093.39
8/11/2018,1082.4
9/11/2018,1066.15
12/11/2018,1038.63
13/11/2018,1036.05
14/11/2018,1043.66
15/11/2018,1064.71
16/11/2018,1061.49
19/11/2018,1020
20/11/2018,1025.76
21/11/2018,1037.61
23/11/2018,1023.88
26/11/2018,1048.62
27/11/2018,1044.41
28/11/2018,1086.23
29/11/2018,1088.3
30/11/2018,1094.43
3/12/2018,1106.43
4/12/2018,1050.82
6/12/2018,1068.73
7/12/2018,1036.58
10/12/2018,1039.55
11/12/2018,1051.75
12/12/2018,1063.68
13/12/2018,1061.9
14/12/2018,1042.1
17/12/2018,1016.53
18/12/2018,1028.71
19/12/2018,1023.01
20/12/2018,1009.41
21/12/2018,979.54
24/12/2018,976.22
26/12/2018,1039.46
27/12/2018,1043.88
28/12/2018,1037.08
31/12/2018,1035.61
2/01/2019,1045.85
3/01/2019,1016.06
4/01/2019,1070.71
7/01/2019,1068.39
8/01/2019,1076.28
9/01/2019,1074.66
10/01/2019,1070.33
11/01/2019,1057.19
14/01/2019,1044.69
15/01/2019,1077.15
16/01/2019,1080.97
17/01/2019,1089.9
18/01/2019,1098.26
22/01/2019,1070.52
23/01/2019,1075.57
24/01/2019,1073.9
25/01/2019,1090.99
28/01/2019,1070.08
29/01/2019,1060.62
30/01/2019,1089.06
31/01/2019,1116.37
1/02/2019,1110.75
4/02/2019,1132.8
5/02/2019,1145.99
6/02/2019,1115.23
7/02/2019,1098.71
8/02/2019,1095.06
11/02/2019,1095.01
12/02/2019,1121.37
13/02/2019,1120.16
14/02/2019,1121.67
15/02/2019,1113.65
19/02/2019,1118.56
20/02/2019,1113.8
21/02/2019,1096.97
22/02/2019,1110.37
25/02/2019,1109.4
26/02/2019,1115.13
27/02/2019,1116.05
28/02/2019,1119.92
1/03/2019,1140.99
4/03/2019,1147.8
5/03/2019,1162.03
6/03/2019,1157.86
7/03/2019,1143.3
8/03/2019,1142.32
11/03/2019,1175.76
12/03/2019,1193.2
13/03/2019,1193.32
14/03/2019,1185.55
15/03/2019,1184.46
18/03/2019,1184.26
19/03/2019,1198.85
20/03/2019,1223.97
21/03/2019,1231.54
22/03/2019,1205.5
25/03/2019,1193
26/03/2019,1184.62
27/03/2019,1173.02
28/03/2019,1168.49
29/03/2019,1173.31
1/04/2019,1194.43
2/04/2019,1200.49
3/04/2019,1205.92
4/04/2019,1215
5/04/2019,1207.15
8/04/2019,1203.84
9/04/2019,1197.25
10/04/2019,1202.16
11/04/2019,1204.62
12/04/2019,1217.87
15/04/2019,1221.1
16/04/2019,1227.13
17/04/2019,1236.34
18/04/2019,1236.37
22/04/2019,1248.84
23/04/2019,1264.55
24/04/2019,1256
25/04/2019,1263.45
26/04/2019,1272.18
29/04/2019,1287.58
30/04/2019,1188.48
1/05/2019,1168.08
2/05/2019,1162.61
3/05/2019,1185.4
6/05/2019,1189.39
7/05/2019,1174.1
8/05/2019,1166.27
9/05/2019,1162.38
10/05/2019,1164.27
13/05/2019,1132.03
14/05/2019,1120.44
15/05/2019,1164.21
16/05/2019,1178.98
17/05/2019,1162.3
20/05/2019,1138.85
21/05/2019,1149.63
22/05/2019,1151.42
23/05/2019,1140.77
24/05/2019,1133.47
28/05/2019,1134.15
29/05/2019,1116.46
30/05/2019,1117.95
31/05/2019,1103.63
3/06/2019,1036.23
4/06/2019,1053.05
5/06/2019,1042.22
6/06/2019,1044.34
7/06/2019,1066.04
10/06/2019,1080.38
11/06/2019,1078.72
12/06/2019,1077.03
13/06/2019,1088.77
14/06/2019,1085.35
17/06/2019,1092.5
18/06/2019,1103.6
19/06/2019,1102.33
20/06/2019,1111.42
21/06/2019,1121.88
24/06/2019,1115.52
25/06/2019,1086.35
26/06/2019,1079.8
27/06/2019,1076.01
28/06/2019,1080.91
1/07/2019,1097.95
2/07/2019,1111.25
3/07/2019,1121.58
5/07/2019,1131.59
8/07/2019,1116.35
9/07/2019,1124.83
10/07/2019,1140.48
11/07/2019,1144.21
12/07/2019,1144.9
15/07/2019,1150.34
16/07/2019,1153.58
17/07/2019,1146.35
18/07/2019,1146.33
19/07/2019,1130.1
22/07/2019,1138.07
23/07/2019,1146.21
24/07/2019,1137.81
25/07/2019,1132.12
26/07/2019,1250.41
29/07/2019,1239.41
30/07/2019,1225.14
31/07/2019,1216.68
1/08/2019,1209.01
2/08/2019,1193.99
5/08/2019,1152.32
6/08/2019,1169.95
7/08/2019,1173.99
8/08/2019,1204.8
9/08/2019,1188.01
12/08/2019,1174.71
13/08/2019,1197.27
14/08/2019,1164.29
15/08/2019,1167.26
16/08/2019,1177.6
19/08/2019,1198.45
20/08/2019,1182.69
21/08/2019,1191.25
22/08/2019,1189.53
23/08/2019,1151.29
26/08/2019,1168.89
27/08/2019,1167.84
28/08/2019,1171.02
29/08/2019,1192.85
30/08/2019,1188.1
3/09/2019,1168.39
4/09/2019,1181.41
5/09/2019,1211.38
6/09/2019,1204.93
9/09/2019,1204.41
10/09/2019,1206
11/09/2019,1220.17
12/09/2019,1234.25
13/09/2019,1239.56
16/09/2019,1231.3
17/09/2019,1229.15
18/09/2019,1232.41
19/09/2019,1238.71
20/09/2019,1229.93
23/09/2019,1234.03
24/09/2019,1218.76
25/09/2019,1246.52
26/09/2019,1241.39
27/09/2019,1225.09
30/09/2019,1219
1/10/2019,1205.1
2/10/2019,1176.63
3/10/2019,1187.83
4/10/2019,1209
7/10/2019,1207.68
8/10/2019,1189.13
9/10/2019,1202.31
10/10/2019,1208.67
11/10/2019,1215.45
14/10/2019,1217.14
15/10/2019,1243.01
16/10/2019,1243.64
17/10/2019,1253.07
18/10/2019,1245.49
21/10/2019,1246.15
22/10/2019,1242.8
23/10/2019,1259.13
24/10/2019,1260.99
25/10/2019,1265.13
28/10/2019,1290
29/10/2019,1262.62
30/10/2019,1261.29
31/10/2019,1260.11
1/11/2019,1273.74
4/11/2019,1291.37
5/11/2019,1292.03
6/11/2019,1291.8
7/11/2019,1308.86
8/11/2019,1311.37
11/11/2019,1299.19
12/11/2019,1298.8
13/11/2019,1298
14/11/2019,1311.46
15/11/2019,1334.87
18/11/2019,1320.7
19/11/2019,1315.46
20/11/2019,1303.05
21/11/2019,1301.35
22/11/2019,1295.34
25/11/2019,1306.69
26/11/2019,1313.55
27/11/2019,1312.99
29/11/2019,1304.96
2/12/2019,1289.92
3/12/2019,1295.28
4/12/2019,1320.54
5/12/2019,1328.13
6/12/2019,1340.62
9/12/2019,1343.56
10/12/2019,1344.66
11/12/2019,1345.02
12/12/2019,1350.27
13/12/2019,1347.83
16/12/2019,1361.17
17/12/2019,1355.12
18/12/2019,1352.62
19/12/2019,1356.04
20/12/2019,1349.59
23/12/2019,1348.84
24/12/2019,1343.56
26/12/2019,1360.4
27/12/2019,1351.89
30/12/2019,1336.14
31/12/2019,1337.02
2/01/2020,1367.37
3/01/2020,1360.66
6/01/2020,1394.21
7/01/2020,1393.34
8/01/2020,1404.32
9/01/2020,1419.83
10/01/2020,1429.73
13/01/2020,1439.23
14/01/2020,1430.88
15/01/2020,1439.2
16/01/2020,1451.7
17/01/2020,1480.39
21/01/2020,1484.4
22/01/2020,1485.95
23/01/2020,1486.65
24/01/2020,1466.71
27/01/2020,1433.9
28/01/2020,1452.56
29/01/2020,1458.63
30/01/2020,1455.84
31/01/2020,1434.23
3/02/2020,1485.94
4/02/2020,1447.07
5/02/2020,1448.23
6/02/2020,1476.23
7/02/2020,1479.23
10/02/2020,1508.68
11/02/2020,1508.79
12/02/2020,1518.27
13/02/2020,1514.66
14/02/2020,1520.74
18/02/2020,1519.67
19/02/2020,1526.69
20/02/2020,1518.15
21/02/2020,1485.11
24/02/2020,1421.59
25/02/2020,1388.45
26/02/2020,1393.18
27/02/2020,1318.09
28/02/2020,1339.33
2/03/2020,1389.11
3/03/2020,1341.39
4/03/2020,1386.52
5/03/2020,1319.04
6/03/2020,1298.41
9/03/2020,1215.56
10/03/2020,1280.39
11/03/2020,1215.41
12/03/2020,1114.91
13/03/2020,1219.73
16/03/2020,1084.33
17/03/2020,1119.8
18/03/2020,1096.8
19/03/2020,1115.29
20/03/2020,1072.32
23/03/2020,1056.62
24/03/2020,1134.46
25/03/2020,1102.49
26/03/2020,1161.75
27/03/2020,1110.71
30/03/2020,1146.82
31/03/2020,1162.81
1/04/2020,1105.62
2/04/2020,1120.84
3/04/2020,1097.88
6/04/2020,1186.92
7/04/2020,1186.51
8/04/2020,1210.28
9/04/2020,1211.45
13/04/2020,1217.56
14/04/2020,1269.23
15/04/2020,1262.47
16/04/2020,1263.47
17/04/2020,1283.25
20/04/2020,1266.61
21/04/2020,1216.34
22/04/2020,1263.21
23/04/2020,1276.31
24/04/2020,1279.31
27/04/2020,1275.88
28/04/2020,1233.67
29/04/2020,1341.48
30/04/2020,1348.66
1/05/2020,1320.61
4/05/2020,1326.8
5/05/2020,1351.11
6/05/2020,1347.3
7/05/2020,1372.56
8/05/2020,1388.37
11/05/2020,1403.26
12/05/2020,1375.74
13/05/2020,1349.33
14/05/2020,1356.13
15/05/2020,1373.19
18/05/2020,1383.94
19/05/2020,1373.49
20/05/2020,1406.72
21/05/2020,1402.8
22/05/2020,1410.42
26/05/2020,1417.02
27/05/2020,1417.84
28/05/2020,1416.73
29/05/2020,1428.92
1/06/2020,1431.82
2/06/2020,1439.22
3/06/2020,1436.38
4/06/2020,1412.18
5/06/2020,1438.39
8/06/2020,1446.61
9/06/2020,1456.16
10/06/2020,1465.85
11/06/2020,1403.84
12/06/2020,1413.18
15/06/2020,1419.85
16/06/2020,1442.72
17/06/2020,1451.12
18/06/2020,1435.96
19/06/2020,1431.72
22/06/2020,1451.86
23/06/2020,1464.41
24/06/2020,1431.97
25/06/2020,1441.33
26/06/2020,1359.9
29/06/2020,1394.97
30/06/2020,1413.61
1/07/2020,1438.04
2/07/2020,1464.7
6/07/2020,1495.7
7/07/2020,1485.18
8/07/2020,1496
9/07/2020,1510.99
10/07/2020,1541.74
13/07/2020,1511.34
14/07/2020,1520.58
15/07/2020,1513.64
16/07/2020,1518
17/07/2020,1515.55
20/07/2020,1565.72
21/07/2020,1558.42
22/07/2020,1568.49
23/07/2020,1515.68
24/07/2020,1511.87
27/07/2020,1530.2
28/07/2020,1500.34
29/07/2020,1522.02
30/07/2020,1531.45
31/07/2020,1482.96
3/08/2020,1474.45
4/08/2020,1464.97
5/08/2020,1473.61
6/08/2020,1500.1
7/08/2020,1494.49
10/08/2020,1496.1
11/08/2020,1480.32
12/08/2020,1506.62
13/08/2020,1518.45
14/08/2020,1507.73
17/08/2020,1517.98
18/08/2020,1558.6
19/08/2020,1547.53
20/08/2020,1581.75
21/08/2020,1580.42
24/08/2020,1588.2
25/08/2020,1608.22
26/08/2020,1652.38
27/08/2020,1634.33
28/08/2020,1644.41
31/08/2020,1634.18
1/09/2020,1660.71
2/09/2020,1728.28
3/09/2020,1641.84
4/09/2020,1591.04
8/09/2020,1532.39
9/09/2020,1556.96
10/09/2020,1532.02
11/09/2020,1520.72
14/09/2020,1519.28
15/09/2020,1541.44
16/09/2020,1520.9
17/09/2020,1495.53
18/09/2020,1459.99
21/09/2020,1431.16
22/09/2020,1465.46
23/09/2020,1415.21
24/09/2020,1428.29
25/09/2020,1444.96
28/09/2020,1464.52
29/09/2020,1469.33
30/09/2020,1469.6
1/10/2020,1490.09
2/10/2020,1458.42
5/10/2020,1486.02
6/10/2020,1453.44
7/10/2020,1460.29
8/10/2020,1485.93
9/10/2020,1515.22
12/10/2020,1569.15
13/10/2020,1571.68
14/10/2020,1568.08
15/10/2020,1559.13
16/10/2020,1573.01
19/10/2020,1534.61
20/10/2020,1555.93
21/10/2020,1593.31
22/10/2020,1615.33
23/10/2020,1641
26/10/2020,1590.45
27/10/2020,1604.26
28/10/2020,1516.62
29/10/2020,1567.24
30/10/2020,1621.01
2/11/2020,1626.03
3/11/2020,1650.21
4/11/2020,1749.13
5/11/2020,1763.37
6/11/2020,1761.75
9/11/2020,1763
10/11/2020,1740.39
11/11/2020,1752.71
12/11/2020,1749.84
13/11/2020,1777.02
16/11/2020,1781.38
17/11/2020,1770.15
18/11/2020,1746.78
19/11/2020,1763.92
20/11/2020,1742.19
23/11/2020,1734.86
24/11/2020,1768.88
25/11/2020,1771.43
27/11/2020,1793.19
30/11/2020,1760.74
1/12/2020,1798.1
2/12/2020,1827.95
3/12/2020,1826.77
4/12/2020,1827.99
7/12/2020,1819.48
8/12/2020,1818.55
9/12/2020,1784.13
10/12/2020,1775.33
11/12/2020,1781.77
14/12/2020,1760.06
15/12/2020,1767.77
16/12/2020,1763
17/12/2020,1747.9
18/12/2020,1731.01
21/12/2020,1739.37
22/12/2020,1723.5
23/12/2020,1732.38
24/12/2020,1738.85
28/12/2020,1776.09
29/12/2020,1758.72
30/12/2020,1739.52
